Property_Name,Latitude,Longitude,District/Town,Distance_Nearest_Center_km,Primary_Commodity,Commodity_2,Commodity_3,Status,Reserves,Geology_Classification,Geology_Description,Distance_From_Chingola_km,Travel_Time_From_Chingola_Hours,Province,District/Town_Original
NAMPUNDWE (KING EDWARD),-15.466666666666667,27.916666666666668,Lusaka,40 KM WSW OF LUSAKA,SULPHUR,COPPER,IRON,Mined by ZCCM,"Fully developed: 663,000 T @ 16.7% S; Undeveloped: 7.8M T @ 16.1% S [cite: 29-35].",STRATIFORM SULPHIDE-IRON,Marine pyrite-magnetite striking NW dipping steep SW. Cheta Formation.,326.25476865862936,4.6607824094089905,Lusaka,LUSAKA-SANJE AREA
DUNROBIN (LUIRI),-15.15,27.183333333333334,Mumbwa,27 KM SE OF MUMBWA,GOLD,COPPER,BISMUTH,Flooded/Percolation plant,"Tailings: 57,000 T @ ~0.95 g/t. Shoot: 2,300 T @ 2 g/t [cite: 96-97].",HYDROTHERMAL VEIN,Sheared western nose of Matala Dome anticline. Contact zone heavy tectonised [cite: 102-104].,299.7324988875804,4.281892841251149,Central,MUMBWA AREA
MATALA (MINE),-15.15,27.283333333333335,Mumbwa,29 KM SE OF MUMBWA,GOLD,None,None,Dewatering,"Slimes: 40,000T @ 2-3.3 g/t. Waste: 7,600T @ 9.83 g/t[cite: 213].",HYDROTHERMAL QUARTZ VEIN,Large dome capped by silicified breccia 'dyke'. Quartz-tourmaline vein [cite: 233-235].,297.3251020298595,4.247501457569422,Central,MUMBWA AREA
ACE (MATALA GROUP),-15.15,27.283333333333335,2 Km West Of Matala,29 KM SE OF MUMBWA,GOLD,None,None,INACTIVE,Avg surface value 4.5 g/t Au [cite: 201].,VEIN,"Quartz-iron-carbonate vein, 0.4m thick, traceable 500m[cite: 201].",297.3251020298595,4.247501457569422,Unknown,2 KM WEST OF MATALA
KATUAMENDA (MATALA GROUP),-15.15,27.283333333333335,10 Km Ese Of Matala,29 KM SE OF MUMBWA,GOLD,None,None,INACTIVE,Avg value 8.32 g/t (26 assays)[cite: 203].,VEIN,"370m long vein, 0.25m thick. Quartz/siderite/iron oxides[cite: 202].",297.3251020298595,4.247501457569422,Unknown,10 KM ESE OF MATALA
RHINO (MATALA GROUP),-15.15,27.283333333333335,Matala Area,29 KM SE OF MUMBWA,GOLD,None,None,INACTIVE,94m section avg 5.9 g/t over 0.6m [cite: 205].,VEIN,"Highly ferruginous NNE vein, 490m long[cite: 204].",297.3251020298595,4.247501457569422,Unknown,MATALA AREA
NAMABULA (MATALA GROUP),-15.15,27.283333333333335,Within 20 Km Radius Of Matala,nan,GOLD,None,None,INACTIVE,Avg 2.6 g/t[cite: 205].,nan,Part of Matala group.,297.3251020298595,4.247501457569422,Unknown,WITHIN 20 KM RADIUS OF MATALA
SHADURECK (MATALA GROUP),-15.15,27.283333333333335,Within 20 Km Radius Of Matala,nan,GOLD,None,None,INACTIVE,Avg 3.11 g/t[cite: 205].,nan,Part of Matala group.,297.3251020298595,4.247501457569422,Unknown,WITHIN 20 KM RADIUS OF MATALA
JACK AND RODE (MATALA GROUP),-15.15,27.283333333333335,Within 20 Km Radius Of Matala,nan,GOLD,None,None,INACTIVE,Avg 3.3 g/t[cite: 206].,nan,Part of Matala group.,297.3251020298595,4.247501457569422,Unknown,WITHIN 20 KM RADIUS OF MATALA
ECLIPSE (MATALA GROUP),-15.15,27.283333333333335,Within 20 Km Radius Of Matala,nan,GOLD,None,None,INACTIVE,Avg 2.09 g/t[cite: 206].,nan,Part of Matala group.,297.3251020298595,4.247501457569422,Unknown,WITHIN 20 KM RADIUS OF MATALA
EVA (MATALA GROUP),-15.15,27.283333333333335,Within 20 Km Radius Of Matala,nan,GOLD,None,None,INACTIVE,Avg 1.47 g/t[cite: 206].,nan,Part of Matala group.,297.3251020298595,4.247501457569422,Unknown,WITHIN 20 KM RADIUS OF MATALA
ROB ROY (MATALA GROUP),-15.15,27.283333333333335,Within 20 Km Radius Of Matala,nan,GOLD,None,None,INACTIVE,Avg 1.2 g/t[cite: 206].,nan,Part of Matala group.,297.3251020298595,4.247501457569422,Unknown,WITHIN 20 KM RADIUS OF MATALA
SHADDOCK (MATALA GROUP),-15.15,27.283333333333335,Luiri Area,nan,GOLD,None,None,INACTIVE,nan,nan,Part of Matala/Luiri area.,297.3251020298595,4.247501457569422,Unknown,LUIRI AREA
CHIBABA (MATALA GROUP),-15.15,27.283333333333335,Luiri Area,nan,GOLD,None,None,INACTIVE,nan,nan,Part of Matala/Luiri area.,297.3251020298595,4.247501457569422,Unknown,LUIRI AREA
TANDUMA (MATALA GROUP),-15.15,27.283333333333335,Luiri Area,nan,GOLD,None,None,INACTIVE,nan,nan,Part of Matala/Luiri area.,297.3251020298595,4.247501457569422,Unknown,LUIRI AREA
JEWSUSS (MO 219),-15.15,27.283333333333335,Within 20 Km Radius Of Matala,nan,GOLD,None,None,INACTIVE,nan,nan,Part of Matala group.,297.3251020298595,4.247501457569422,Unknown,WITHIN 20 KM RADIUS OF MATALA
CHIBOLELA (MO 220),-15.15,27.283333333333335,Within 20 Km Radius Of Matala,nan,GOLD,None,None,INACTIVE,nan,nan,Part of Matala group.,297.3251020298595,4.247501457569422,Unknown,WITHIN 20 KM RADIUS OF MATALA
CHIKWASHIA (MO 216-218),-15.15,27.283333333333335,Within 20 Km Radius Of Matala,nan,GOLD,None,None,INACTIVE,nan,nan,Part of Matala group.,297.3251020298595,4.247501457569422,Unknown,WITHIN 20 KM RADIUS OF MATALA
MARIE (MO 232/233),-15.15,27.283333333333335,Within 20 Km Radius Of Matala,nan,GOLD,None,None,INACTIVE,nan,nan,Part of Matala group.,297.3251020298595,4.247501457569422,Unknown,WITHIN 20 KM RADIUS OF MATALA
LEWIS (MO 196),-15.15,27.283333333333335,Within 20 Km Radius Of Matala,nan,GOLD,None,None,INACTIVE,nan,nan,Part of Matala group.,297.3251020298595,4.247501457569422,Unknown,WITHIN 20 KM RADIUS OF MATALA
SHIWEZA (MO 204),-15.15,27.283333333333335,Within 20 Km Radius Of Matala,nan,GOLD,None,None,INACTIVE,nan,nan,Part of Matala group.,297.3251020298595,4.247501457569422,Unknown,WITHIN 20 KM RADIUS OF MATALA
CHISAKA (MO 207),-15.15,27.283333333333335,Within 20 Km Radius Of Matala,nan,GOLD,None,None,INACTIVE,nan,nan,Part of Matala group.,297.3251020298595,4.247501457569422,Unknown,WITHIN 20 KM RADIUS OF MATALA
NAGASAKA (MO 208),-15.15,27.283333333333335,Within 20 Km Radius Of Matala,nan,GOLD,None,None,INACTIVE,nan,nan,Part of Matala group.,297.3251020298595,4.247501457569422,Unknown,WITHIN 20 KM RADIUS OF MATALA
MAGUYUNT (MO 210),-15.15,27.283333333333335,Within 20 Km Radius Of Matala,nan,GOLD,None,None,INACTIVE,nan,nan,Part of Matala group.,297.3251020298595,4.247501457569422,Unknown,WITHIN 20 KM RADIUS OF MATALA
HENRY AREA (MO 211),-15.15,27.283333333333335,Within 20 Km Radius Of Matala,nan,GOLD,None,None,INACTIVE,nan,nan,Part of Matala group.,297.3251020298595,4.247501457569422,Unknown,WITHIN 20 KM RADIUS OF MATALA
MIBOROMA (MO 223),-15.15,27.283333333333335,Within 20 Km Radius Of Matala,nan,GOLD,None,None,INACTIVE,nan,nan,Part of Matala group.,297.3251020298595,4.247501457569422,Unknown,WITHIN 20 KM RADIUS OF MATALA
SHANGARA (MO 215),-15.15,27.283333333333335,Within 20 Km Radius Of Matala,nan,GOLD,None,None,INACTIVE,nan,nan,Part of Matala group.,297.3251020298595,4.247501457569422,Unknown,WITHIN 20 KM RADIUS OF MATALA
SHIMWAMBWA (MO 213),-15.15,27.283333333333335,Within 20 Km Radius Of Matala,nan,GOLD,None,None,INACTIVE,nan,nan,Part of Matala group.,297.3251020298595,4.247501457569422,Unknown,WITHIN 20 KM RADIUS OF MATALA
SANKAMANDA (MO 222),-15.15,27.283333333333335,Within 20 Km Radius Of Matala,nan,GOLD,None,None,INACTIVE,nan,nan,Part of Matala group.,297.3251020298595,4.247501457569422,Unknown,WITHIN 20 KM RADIUS OF MATALA
NAMANTOMBWA,-15.416666666666666,27.366666666666667,Blue Lagoon Game Reserve,100 KM WEST OF LUSAKA,IRON,None,None,INACTIVE,8.7M to 12.5M T @ 55-58% Fe.,REPLACEMENT IRON,Replacement of folded limestone with gabbro/syenite intrusions[cite: 158].,324.82881180921066,4.640411597274438,Unknown,BLUE LAGOON GAME RESERVE
NGAIBWE (NAGAIBWA),-15.416666666666666,27.366666666666667,20 Km E Of Kapanda,100 KM WEST OF LUSAKA,IRON,None,None,INACTIVE,30 Million T @ 45-60% Fe.,BANDED IRON FORMATION,Hill of BIF projecting above Kafue Flats. Higher metamorphic grade than Pamba[cite: 157].,324.82881180921066,4.640411597274438,Unknown,20 KM E OF KAPANDA
BLUE LAGOON (IRON),-15.416666666666666,27.366666666666667,10 Km E Of Kapanda,100 KM WEST OF LUSAKA,IRON,None,None,INACTIVE,nan,SEDIMENTARY IRON FORMATION,"Small tabular sedimentary iron formation, banded hematite/magnetite[cite: 160].",324.82881180921066,4.640411597274438,Unknown,10 KM E OF KAPANDA
NEMESHA (MEMENCHA),-15.416666666666666,27.366666666666667,6 Km S Of Kapanda,100 KM WEST OF LUSAKA,IRON,None,None,INACTIVE,nan,SKARN,Small tabular skarn with Kundelungu marble/syenite. Martitized magnetite[cite: 161].,324.82881180921066,4.640411597274438,Unknown,6 KM S OF KAPANDA
KAPANDA,-15.416666666666666,27.366666666666667,Namantombwa Group Area,100 KM WEST OF LUSAKA,IRON,None,None,INACTIVE,nan,nan,Reference location for Ngaibwe/Blue Lagoon [cite: 157-161].,324.82881180921066,4.640411597274438,Unknown,NAMANTOMBWA GROUP AREA
CHANDETE (CHANOBIE),-15.133333333333333,27.116666666666667,Central Region,25 KM SOUTH OF MUMBWA,COPPER,SILVER,None,INACTIVE,"Est 15,000 T @ 1.5% Cu (North) [cite: 287].",BRECCIA ZONE,Malachite/pseudo-malachite in brecciated dolomitic rock[cite: 293].,299.7544696653696,4.28220670950528,Unknown,CENTRAL REGION
MUTOMBE,-15.25,27.75,Mwembeshi River,8 KM SW OF PAMBA,IRON,None,None,INACTIVE,10 Million T @ 30-40% Fe [cite: 335].,SEDIMENTARY IRON FORMATION,"Ferruginous quartzite similar to Pamba, striking E, dipping N[cite: 353].",302.27600729462574,4.318228675637511,Unknown,MWEMBESHI RIVER
PAMBA,-15.25,27.75,Mwembeshi River,48 KM WEST OF LUSAKA,IRON,None,None,INACTIVE,21 Million T @ 49.2% Fe or 10-20M T @ 51% Fe [cite: 335-336].,SEDIMENTARY IRON FORMATION,Ferruginous quartzite in seven kopjes. Magnetite/martite [cite: 347-350].,302.27600729462574,4.318228675637511,Unknown,MWEMBESHI RIVER
SANJE COPPER,-15.433333333333334,27.933333333333334,Lusaka,30 KM SW OF LUSAKA,COPPER,GERMANIUM,SILVER,INACTIVE,"14,000 T @ 4.30% Cu (High Grade). 476,000 T @ 0.68% Cu [cite: 382-383].",STRATIFORM COPPER,"Pipe-shaped body of low-grade copper. High grade contains 60 g/t Ge, 150 g/t Ag.",322.59429818629854,4.608489974089979,Lusaka,LUSAKA DISTRICT
SANJE (IRON),-15.5,27.916666666666668,Lusaka,35 KM WSW OF LUSAKA,IRON,None,None,INACTIVE,"Probable Ore: 3.8 Million T @ 62% Fe, 1.3% S[cite: 433].",IRON REPLACEMENT,Pipe-like hydrothermal replacement of limestone. Massive specular hematite[cite: 448].,329.9603638320765,4.713719483315378,Lusaka,LUSAKA SANJE AREA
CHETA (IRON),-15.5,27.916666666666668,6 Km N Of Nampundwe,35 KM WSW OF LUSAKA,IRON,None,None,INACTIVE,Approx 5 Million T @ 66.75% Fe[cite: 435].,IRON REPLACEMENT,Hematite-magnetite-martite-limonite deposit. Pyritic at depth [cite: 453-454].,329.9603638320765,4.713719483315378,Unknown,6 KM N OF NAMPUNDWE
STRAUSS RIDGE,-15.5,27.916666666666668,Lusaka,nan,IRON,None,None,INACTIVE,nan,STRATIFORM MAGNETITE-HEMATITE,Small stratiform deposit striking East for approx 300m[cite: 457].,329.9603638320765,4.713719483315378,Lusaka,24 KM WSW OF LUSAKA
VENTER'S RIDGE,-15.5,27.916666666666668,Lusaka,nan,IRON,None,None,INACTIVE,0.5 Million T @ 66.9% Fe [cite: 437].,STRATIFORM IRON,"Friable, porous, magnetite-hematite-jasper ore[cite: 459].",329.9603638320765,4.713719483315378,Lusaka,24 KM WSW OF LUSAKA
CHITENTABUNGA,-15.4,28.8,Lusaka,40 KM ESE OF LUSAKA,GOLD,SILVER,COPPER,INACTIVE,NIL,HYDROTHERMAL QUARTZ VEIN,"Quartz veins crosscut Chongwe Group. Traces W, Bi, Tin with 0.5 g/t Au [cite: 493-495].",334.8367830744032,4.783382615348617,Lusaka,LUSAKA AREA
CHONGWE IRON,-15.25,28.5,Chongwe,45 KM EAST OF LUSAKA,IRON,None,None,INACTIVE,10 Million T @ 65% Fe (Stohl) or 1M T @ 64% Fe (Woakes) [cite: 524-525].,SEDIMENTARY IRON FORMATION,21 km line of outcrops of iron ore. Granular massive magnetite/specular hematite [cite: 530-531].,310.1225666244568,4.4303223803493825,Lusaka,WEST BANK CHONGWE RIVER
KASISI NORTH IRON,-15.25,28.5,2 Km Ne Of Kasisi Village,45 KM EAST OF LUSAKA,IRON,None,None,INACTIVE,nan,SEDIMENTARY IRON FORMATION,Part of Chongwe Iron group.,310.1225666244568,4.4303223803493825,Unknown,2 KM NE OF KASISI VILLAGE
MWEBA STREAM (LUSAKA EAST),-15.25,29.5,Lusaka,80 KM EAST OF LUSAKA,COPPER,None,None,INACTIVE,nan,GEOCHEM TARGET,590 ppm Cu in stream sediment. Muva age quartzites[cite: 573].,350.6688628839872,5.00955518405696,Lusaka,LUSAKA EAST AREA
BESWA HILL (LUSAKA EAST),-15.25,29.5,Lusaka,80 KM EAST OF LUSAKA,COPPER,None,None,INACTIVE,nan,QUARTZITE HOSTED,Malachite in quartzite. Best grab sample 1.10% Cu[cite: 575].,350.6688628839872,5.00955518405696,Lusaka,LUSAKA EAST AREA
NKASEKA HILL (MO 121 / LUSAKA EAST),-15.25,29.5,Lusaka,80 KM EAST OF LUSAKA,GOLD,None,None,INACTIVE,nan,VEIN,Several veins up to 0.6m wide. 11/52 samples > 1.7 g/t Au [cite: 581-582].,350.6688628839872,5.00955518405696,Lusaka,LUSAKA EAST AREA
GEELONG MALUNDA (MO 129),-15.25,29.5,Lusaka,80 KM EAST OF LUSAKA,GOLD,BISMUTH,None,INACTIVE,nan,VEIN,Veins up to 40m long. Trench samples up to 1.2 g/t Au[cite: 589].,350.6688628839872,5.00955518405696,Lusaka,LUSAKA EAST AREA
JESSIE MINE (LUSAKA EAST),-15.25,29.5,Lusaka,80 KM EAST OF LUSAKA,None,None,None,INACTIVE,nan,nan,nan,350.6688628839872,5.00955518405696,Lusaka,LUSAKA EAST AREA
DARG MINE (LUSAKA EAST),-15.25,29.5,Lusaka,80 KM EAST OF LUSAKA,None,None,None,INACTIVE,nan,nan,nan,350.6688628839872,5.00955518405696,Lusaka,LUSAKA EAST AREA
NEW MO (LUSAKA EAST),-15.25,29.5,9.66 Km East Of Jessie Mine,80 KM EAST OF LUSAKA,COPPER,None,None,INACTIVE,nan,QUARTZITE HOSTED,Chalcocite and malachite in bands in quartzite[cite: 576].,350.6688628839872,5.00955518405696,Unknown,9.66 KM EAST OF JESSIE MINE
MO 119/120 (LUSAKA EAST),-15.25,29.5,Mulambwa Stream Basin,80 KM EAST OF LUSAKA,GOLD,BISMUTH,None,INACTIVE,nan,VEIN,Rubble/float of tourmaline/vein quartz. Assays 5.5 and 1.9 g/t Au [cite: 578-579].,350.6688628839872,5.00955518405696,Unknown,MULAMBWA STREAM BASIN
MO 126 (LUSAKA EAST),-15.25,29.5,Lusaka,80 KM EAST OF LUSAKA,GOLD,None,None,INACTIVE,nan,VEIN,"Several quartz veins, main one 1.3m wide, 210m long[cite: 585].",350.6688628839872,5.00955518405696,Lusaka,LUSAKA EAST AREA
MO 160/161 (LUSAKA EAST),-15.25,29.5,Lusaka,80 KM EAST OF LUSAKA,COPPER,GOLD,SILVER,INACTIVE,nan,BASEMENT,Widespread basement copper mineralization with traces gold/silver[cite: 592].,350.6688628839872,5.00955518405696,Lusaka,LUSAKA EAST AREA
MO 207 (CHISAKA),-15.25,29.5,Lusaka,80 KM EAST OF LUSAKA,COPPER,GOLD,None,INACTIVE,nan,nan,Old prospect not found by Chartered Ex.,350.6688628839872,5.00955518405696,Lusaka,LUSAKA EAST AREA
MO 52 (LUSAKA EAST),-15.25,29.5,Lusaka,80 KM EAST OF LUSAKA,COPPER,None,None,INACTIVE,nan,AMYGDALOIDAL,Minor copper in amygdales/joint planes[cite: 595].,350.6688628839872,5.00955518405696,Lusaka,LUSAKA EAST AREA
KUANGA,-15.233333333333333,28.883333333333333,Chinyunyu Dome,80 KM EAST OF LUSAKA,GOLD,COPPER,None,INACTIVE,UNKNOWN,HYDROTHERMAL VEIN,Quartz vein 50m x 1m. High gold values from surface not duplicated later [cite: 644-647].,320.2772901204454,4.575389858863506,Unknown,CHINYUNYU DOME
PALA DARG,-15.25,28.75,Chinyunyu Dome,75 KM ENE OF LUSAKA,GOLD,BISMUTH,None,INACTIVE,Est. 297 T @ 2.63% Bi. Garlick est. 408 T @ 4% Bi.,HYDROTHERMAL VEIN,"Quartz vein strikes E 25 S, 1m width. Bismuthinite/native bismuth [cite: 674-676].",317.3168719480668,4.533098170686669,Unknown,CHINYUNYU DOME
SHAMGLA (PALA DARG GROUP),-15.25,28.75,Pala Darg Area,75 KM ENE OF LUSAKA,None,None,None,INACTIVE,nan,nan,Part of Pala Darg group[cite: 673].,317.3168719480668,4.533098170686669,Unknown,PALA DARG AREA
KAYEBWE (PALA DARG GROUP),-15.25,28.75,Pala Darg Area,75 KM ENE OF LUSAKA,None,None,None,INACTIVE,nan,nan,Part of Pala Darg group[cite: 673].,317.3168719480668,4.533098170686669,Unknown,PALA DARG AREA
CAIRN DHU (PALA DARG GROUP),-15.25,28.75,Pala Darg Area,75 KM ENE OF LUSAKA,None,None,None,INACTIVE,nan,nan,Part of Pala Darg group[cite: 673].,317.3168719480668,4.533098170686669,Unknown,PALA DARG AREA
RAINBOW (MO 251),-15.25,28.75,Pala Darg Area,75 KM ENE OF LUSAKA,None,None,None,INACTIVE,nan,nan,Part of Pala Darg group[cite: 673].,317.3168719480668,4.533098170686669,Unknown,PALA DARG AREA
DEVONSHIRE (PALA DARG GROUP),-15.25,28.75,Pala Darg Area,75 KM ENE OF LUSAKA,None,None,None,INACTIVE,nan,nan,Part of Pala Darg group[cite: 673].,317.3168719480668,4.533098170686669,Unknown,PALA DARG AREA
LUCRE (PALA DARG GROUP),-15.25,28.75,Se End Of Pala Darg System,75 KM ENE OF LUSAKA,GOLD,BISMUTH,SILVER,INACTIVE,nan,VEIN,"Veins near contact basic schists/granite. Ag (7ppm), Au (2.4ppm)[cite: 681].",317.3168719480668,4.533098170686669,Unknown,SE END OF PALA DARG SYSTEM
CHALALOBUKA (CHONGWE),-15.216666666666667,28.533333333333335,Chongwe,43 KM NNE OF LUSAKA,COPPER,None,None,INACTIVE,Sulphide: 1.4M T @ 2.88% Cu. Oxide: 0.7M T @ 1.83% Cu.,SHEAR ZONE COPPER,Thickness 0.72-7.09m. Capped by Cu-bearing micaceous mud.,307.3580141224631,4.390828773178044,Lusaka,CHONGWE GROUP
50/59 (CHONGWE),-15.216666666666667,28.533333333333335,Chongwe,43 KM NNE OF LUSAKA,COPPER,None,None,INACTIVE,"Sulphide: 1.9M T @ 1.54% Cu. Oxide: 59,000 T @ 1.81% Cu.",SHEAR ZONE COPPER,Thickness 0.40-8.66m.,307.3580141224631,4.390828773178044,Lusaka,CHONGWE GROUP
CHONGWE SOUTH,-15.216666666666667,28.533333333333335,Chongwe,43 KM NNE OF LUSAKA,COPPER,None,None,INACTIVE,"A Lens: 161,000 T @ 2.58% Cu. C Lens: 223,000 T @ 2.46% Cu [cite: 730-736].",SHEAR ZONE COPPER,nan,307.3580141224631,4.390828773178044,Lusaka,CHONGWE GROUP
LUCKY JIM (CHONGWE),-15.216666666666667,28.533333333333335,Chongwe,43 KM NNE OF LUSAKA,COPPER,None,None,INACTIVE,"Oxide: 121,000 T @ 2.42% Cu (Refractory) [cite: 752-753].",SHEAR ZONE COPPER,nan,307.3580141224631,4.390828773178044,Lusaka,CHONGWE GROUP
KANAKANTAPA (CHONGWE),-15.216666666666667,28.533333333333335,Chongwe,43 KM NNE OF LUSAKA,COPPER,None,None,INACTIVE,"Oxide: 41,000 T @ 1.70% Cu (Refractory)[cite: 754].",SHEAR ZONE COPPER,nan,307.3580141224631,4.390828773178044,Lusaka,CHONGWE GROUP
TANTA WANDA (MO 256),-15.216666666666667,28.533333333333335,Chongwe,43 KM NNE OF LUSAKA,COPPER,None,None,INACTIVE,nan,VEIN,Two small shoots Cp-Bn-Cc. Assays 3.52% Cu/1.4m[cite: 770].,307.3580141224631,4.390828773178044,Lusaka,CHONGWE GROUP
CHILONGA (MO 257),-15.216666666666667,28.533333333333335,Chongwe,43 KM NNE OF LUSAKA,COPPER,None,None,INACTIVE,nan,SEDIMENTARY/SHEAR,Surface mineralization avg 1.3% Cu. Area 150 x 100m[cite: 770].,307.3580141224631,4.390828773178044,Lusaka,CHONGWE GROUP
SISENGO (MO 258),-15.216666666666667,28.533333333333335,Chongwe,43 KM NNE OF LUSAKA,COPPER,None,None,INACTIVE,nan,SHEAR,Explored by shallow shafts. Similar to Allies but small[cite: 770].,307.3580141224631,4.390828773178044,Lusaka,CHONGWE GROUP
ROBUKO (MO 258),-15.216666666666667,28.533333333333335,Chongwe,43 KM NNE OF LUSAKA,COPPER,None,None,INACTIVE,nan,SHEAR,Similar to Sisengo[cite: 770].,307.3580141224631,4.390828773178044,Lusaka,CHONGWE GROUP
CHISOLAKI (MO 259),-15.333333333333334,28.666666666666668,Chongwe,40 KM ENE OF LUSAKA,GOLD,None,None,INACTIVE,nan,HYDROTHERMAL QUARTZ VEIN,Erratic gold in ironstone lenses. Highest assay 67.7 g/t[cite: 770].,323.5812915934773,4.622589879906819,Lusaka,CHONGWE GROUP
LUSOKE (MO 259),-15.333333333333334,28.666666666666668,Chongwe,40 KM ENE OF LUSAKA,GOLD,None,None,INACTIVE,nan,HYDROTHERMAL QUARTZ VEIN,Part of Chisolaki area[cite: 770].,323.5812915934773,4.622589879906819,Lusaka,CHONGWE GROUP
CHAIYENDA (MO 260),-15.316666666666666,28.616666666666667,Chongwe,40 KM ENE OF LUSAKA,GOLD,None,None,INACTIVE,"11,500 T @ 1 g/t Au[cite: 830].",HYDROTHERMAL QUARTZ VEIN,Gold mineralization 390 x 40m area.,320.3637243948388,4.576624634211983,Lusaka,CHONGWE GROUP
NKANDA (CHONGWE),-15.216666666666667,28.533333333333335,Chongwe,nan,COPPER,None,None,INACTIVE,nan,SHEAR,Sulphide mineralization. Part of Katuba-Tundwe-Nkanda group[cite: 770].,307.3580141224631,4.390828773178044,Lusaka,WEST OF CHONGWE BLOCKS
TUNDWE (CHONGWE),-15.216666666666667,28.533333333333335,Chongwe,nan,COPPER,None,None,INACTIVE,nan,SHEAR,Sulphide mineralization. Part of Katuba-Tundwe-Nkanda group[cite: 770].,307.3580141224631,4.390828773178044,Lusaka,WEST OF CHONGWE BLOCKS
KATUBU (CHONGWE),-15.216666666666667,28.533333333333335,Chongwe,nan,COPPER,None,None,INACTIVE,nan,SHEAR,Sulphide mineralization. Best intersection 2.09% Cu over 2.7m[cite: 770].,307.3580141224631,4.390828773178044,Lusaka,WEST OF CHONGWE BLOCKS
CHIBUKAMA (CHONGWE),-15.216666666666667,28.533333333333335,Chongwe,nan,COPPER,None,None,INACTIVE,nan,SHEAR,No values > 0.5% Cu intersected[cite: 770].,307.3580141224631,4.390828773178044,Lusaka,3 KM WSW OF CHONGWE
CHONGWE NORTH (RST),-15.216666666666667,28.533333333333335,Chongwe,nan,COPPER,None,None,INACTIVE,nan,nan,Part of Chongwe Group.,307.3580141224631,4.390828773178044,Lusaka,CHONGWE GROUP
CHONGWE EAST (MO 255),-15.216666666666667,28.533333333333335,Chongwe,nan,COPPER,None,None,INACTIVE,nan,nan,36 km SE of Chalalobuka.,307.3580141224631,4.390828773178044,Lusaka,EXTREME SE OF CHONGWE GROUP
ALLIES (MO 261),-15.266666666666667,28.583333333333332,Chongwe,40 KM NE OF LUSAKA,COPPER,GOLD,None,INACTIVE,"Lens 1: 130,000 T @ 4.37% Cu. Lens 2: 59,000 T @ 4.84% Cu[cite: 866].",SHEAR ZONE,Shear zone 300m long. Cp-Po sulphide. Gold avg 9.4 g/t in hand picked samples.,314.07246918530785,4.486749559790113,Lusaka,11 KM SE OF CHONGWE OCCURRENCES
CHARAMBANA (MO 264),-15.383333333333333,28.616666666666667,Lusaka,29 KM EAST OF LUSAKA,COPPER,None,None,INACTIVE,nan,SHEAR/STRATIFORM,Malachite widespread 400m strike. Adit 1.3% Cu over 24m [cite: 947-948].,327.52771075995224,4.678967296570747,Lusaka,EAST OF LUSAKA
COLOSSUS (MO 263),-15.383333333333333,28.616666666666667,5 Km Nw Of Charambana,nan,COPPER,None,None,INACTIVE,nan,QUARTZITE HOSTED,Low-grade occurrence in quartzite[cite: 950].,327.52771075995224,4.678967296570747,Unknown,5 KM NW OF CHARAMBANA
MYOBA (MO 265),-15.383333333333333,28.616666666666667,2 Km S Of Charambana,nan,COPPER,None,None,INACTIVE,nan,SHEAR,Malachite/chalcocite/bornite in limestone[cite: 951].,327.52771075995224,4.678967296570747,Unknown,2 KM S OF CHARAMBANA
LOGOFO,-15.5,28.733333333333334,Lusaka,46 KM EAST OF LUSAKA,GOLD,None,None,INACTIVE,NONE,HYDROTHERMAL VEIN,Ferruginous quartz veins cutting banded limestone. Assayed < 0.5 g/t [cite: 984-985].,343.3676615267746,4.905252307525352,Lusaka,LUSAKA AREA
INPUT ANOMALY 148,-15.25,28.033333333333335,Lusaka,30 KM WEST OF LUSAKA,SULPHUR,ZINC,COPPER,INACTIVE,3.0 Million T @ 6.0% S[cite: 1015].,PYRITIC REPLACEMENT,Replacement in carbonate rocks of Cheta Formation.,302.7306246568286,4.324723209383265,Lusaka,WEST OF LUSAKA
INPUT ANOMALY 16,-15.25,28.033333333333335,Lusaka,30 KM WEST OF LUSAKA,SULPHUR,ZINC,LEAD,INACTIVE,11.4 Million T @ 6.0% S[cite: 1015].,PYRITIC REPLACEMENT,nan,302.7306246568286,4.324723209383265,Lusaka,WEST OF LUSAKA
INPUT ANOMALY 46,-15.25,28.033333333333335,Lusaka,30 KM WEST OF LUSAKA,SULPHUR,ZINC,COPPER,INACTIVE,10.0 Million T @ 12.0% S[cite: 1015].,PYRITIC REPLACEMENT,nan,302.7306246568286,4.324723209383265,Lusaka,WEST OF LUSAKA
WHITE ROCK,-15.5,28.133333333333333,Lusaka,35 KM SW OF LUSAKA,ZINC,COPPER,LEAD,INACTIVE,NIL,SECONDARY CARBONATE-HOSTED ZINC,Original outcrop 46m x 4.5m. Mineralization continues 250m strike [cite: 1061-1063].,331.2947792323636,4.732782560462337,Lusaka,LUSAKA DISTRICT
EXCELSIOR ZINC,-15.416666666666666,28.166666666666668,Lusaka,15-20 KM WEST OF LUSAKA,ZINC,SILVER,None,INACTIVE,NIL,CARBONATE-HOSTED VEIN,"Willemite in coarse calcite veins in dolomite. Avg 40% Zn, 78 g/t Ag.",322.4309516237371,4.6061564517676725,Lusaka,LUSAKA DISTRICT
STAR ZINC,-15.3,28.233333333333334,Lusaka,19 KM NORTH OF LUSAKA,ZINC,None,None,ACTIVE (SMALL MINING),"Eastern Body: 73,000 T @ 16.5% Zn. Western: 118,200 T @ 21.58% Zn [cite: 1175].",CARBONATE-HOSTED ZINC SILICATE,Two flat tabular bodies of willemite in massive limestone [cite: 1181-1182].,310.41197365987443,4.434456766569634,Lusaka,LUSAKA DISTRICT
CHISAMBA (RMC 108/109),-15.35,28.9,Chongwe,70 KM ESE OF LUSAKA,GOLD,None,None,INACTIVE,NIL,HYDROTHERMAL QUARTZ VEIN,System of N-trending quartz veins 0.3-0.9m wide.,333.06640027680106,4.758091432525729,Lusaka,CHONGWE AREA
KASISI (MO 262),-15.333333333333334,28.466666666666665,Lusaka,28 KM NE FROM LUSAKA,GOLD,COPPER,None,INACTIVE,NIL,HYDROTHERMAL QUARTZ VEIN (?),Sugary quartz boulders with weathered iron oxides. One 14.1% Cu/0.85 g/t Au [cite: 1254-1255].,318.3814043624637,4.548305776606624,Lusaka,LUSAKA AREA
MOOLA (MO 297),-15.0,28.0,Lusaka,35 KM SW OF LUSAKA,GOLD,None,None,INACTIVE,UNKNOWN,QUARTZ VEINS,Brecciated quartz veins over 3.2 sq km. Best sample 1.7 g/t Au [cite: 1290-1293].,274.7624358434806,3.9251776549068658,Lusaka,LUSAKA AREA
KATUBA,-15.083333333333334,28.116666666666667,3 Km West Of Great North Road,25-30 KM NORTH OF LUSAKA,COPPER,GOLD,None,INACTIVE,Resource 15 Million T @ 0.2-0.4% Cu.,DISSEMINATED COPPER,Lenticular sheared amphibolite in granite gneiss. 6 zones 0.54-2.09% Cu.,285.0088256641777,4.071554652345396,Unknown,3 KM WEST OF GREAT NORTH ROAD
UMFONDESI (MO 273),-15.9,28.633333333333333,Lusaka,30 KM SE OF LUSAKA,GOLD,COPPER,SILVER,INACTIVE,UNKNOWN,HYDROTHERMAL VEIN,"Quartz vein 1.8m x 0.2m. 11.9% Cu, 5.5 g/t Au, 11 g/t Ag [cite: 1370-1372].",383.76061559381,5.482294508482999,Lusaka,LUSAKA GOLD LINEAMENT
CHIPONGWE (RMC 214),-15.683333333333334,28.483333333333334,Lusaka,nan,GOLD,None,None,INACTIVE,UNKNOWN,GOSSANS,Mapompo limestones with massive hematitic lenses. Gossans with traces Au [cite: 1376-1377].,356.86253073960114,5.098036153422873,Lusaka,LUSAKA GOLD LINEAMENT
RMC 224,-15.816666666666666,28.616666666666667,Lusaka,nan,GOLD,None,None,INACTIVE,UNKNOWN,DIABASE,"Diabase intrusive. 0-2 g/t Au, 2.7-6% Cu [cite: 1374-1375].",374.32985206521363,5.347569315217338,Lusaka,LUSAKA GOLD LINEAMENT
MO 284,-15.633333333333333,28.466666666666665,Lusaka,nan,GOLD,None,None,INACTIVE,UNKNOWN,QUARTZITE,Rubble of Cu-bearing quartzite assayed < 0.2 g/t Au [cite: 1378-1379].,351.06377895736983,5.01519684224814,Lusaka,LUSAKA GOLD LINEAMENT
SACHIMUNDU,-15.616666666666667,28.45,Lusaka,nan,GOLD,None,None,INACTIVE,UNKNOWN,VEINLETS,Small quartz veinlets cutting limestones < 0.5 g/t Au [cite: 1380-1381].,348.9069562320574,4.9843850890293915,Lusaka,LUSAKA GOLD LINEAMENT
RMC 194 (MO 266),-15.45,28.333333333333332,Lusaka,nan,GOLD,None,None,INACTIVE,UNKNOWN,VEIN,550m+ quartz vein in Lusaka Dolomite. Sample 1.6 g/t Au [cite: 1382-1383].,328.48715047497654,4.692673578213951,Lusaka,LUSAKA GOLD LINEAMENT
CORAL REEF (MO 289),-15.566666666666666,28.35,Lusaka,nan,GOLD,None,None,INACTIVE,UNKNOWN,SILICIFIED BAND,"Silicified band with Cu. Sample 2% Cu, 0.5 g/t Au [cite: 1384-1385].",341.57868610970326,4.879695515852903,Lusaka,LUSAKA GOLD LINEAMENT
KAMPOKOLA (MO 288),-15.6,28.4,Lusaka,nan,GOLD,None,None,INACTIVE,UNKNOWN,VEIN,"Vein up to 0.9m wide. At 10m depth, 0.3m reported 2 g/t Au [cite: 1387-1388].",346.1217525629282,4.944596465184688,Lusaka,LUSAKA GOLD LINEAMENT
LUKWANDA (MO 287),-15.616666666666667,28.416666666666668,Lusaka,nan,GOLD,None,None,INACTIVE,UNKNOWN,QUARTZITE,"Quartz rich facies with malachite. Sample 0.5 g/t Au, 6.5% Cu [cite: 1389-1390].",348.2582340241608,4.975117628916583,Lusaka,LUSAKA GOLD LINEAMENT
RMC 226,-15.65,28.433333333333334,Lusaka,nan,GOLD,None,None,INACTIVE,UNKNOWN,QUARTZITE,"Basal quartzite. Avg 10 samples 2.6% Cu, < 0.1 g/t Au [cite: 1391-1392].",352.22353165178015,5.031764737882574,Lusaka,LUSAKA GOLD LINEAMENT
CHUMBWE,-15.566666666666666,28.833333333333332,Lusaka,64 KM ESE OF LUSAKA,GOLD,None,None,INACTIVE,"Rough est 17,000 T @ 7.8 g/t Au.",HYDROTHERMAL QUARTZ VEIN,Auriferous quartz vein in fault. Surface enriched (51.4 g/t). Three shoots [cite: 1446-1450].,353.5756637625881,5.0510809108941155,Lusaka,LUSAKA AREA
MITABA SERPENTINITE,-15.666666666666666,28.966666666666665,South Of Mitaba River,90 KM SE OF LUSAKA,NICKEL,None,None,INACTIVE,1.14 Million T @ 0.64% Ni (to 9.1m depth)[cite: 1506].,SURFACE ENRICHED NICKEL,"Peak Ni in serpentinite (up to 1% near surface), dropping to 0.3-0.4% at depth.",368.6338626815714,5.266198038308162,Unknown,SOUTH OF MITABA RIVER
TASARU (MO 270),-15.65,28.75,Mpande Dome Area,75 KM SE OF LUSAKA,GOLD,COPPER,None,INACTIVE,UNKNOWN,HYDROTHERMAL VEIN,Quartz vein 0.3-0.4m exposed 250m. Dump material 12.3 g/t Au [cite: 1568-1569].,359.8934761291808,5.1413353732740115,Unknown,MPANDE DOME AREA
MOQUISE (MIKWIZI),-15.533333333333333,28.633333333333333,Lusaka,38 KM EAST OF LUSAKA,GOLD,None,None,INACTIVE,NONE,ELUVIAL GOLD,Eluvial gold overlying limestones of Cheta Group. Minor pyrite/malachite.,344.12222943588915,4.91603184908413,Lusaka,LUSAKA AREA
SONDERA (MO 301),-15.75,28.75,Mpande Dome,62 KM SE OF LUSAKA,GOLD,None,None,INACTIVE,NONE,HYDROTHERMAL VEIN,Ferruginous quartz vein cutting schists/gneiss. Avg 15 samples 2.2 g/t Au [cite: 1634-1636].,370.6073535079809,5.2943907643997274,Unknown,MPANDE DOME
MVULA (COPPER),-15.833333333333334,28.633333333333333,Kafue,50 KM SE OF LUSAKA,COPPER,GOLD,SILVER,INACTIVE,NIL,DOLOMITE BRECCIA-HOSTED,Brecciated dolomitic siltstone to marble. Gold up to 6 g/t.,376.53565827045804,5.379080832435115,Lusaka,EAST OF KAFUE-CHIRUNDU ROAD
MPANDE (COPPER),-15.666666666666666,28.4,Kafue,50 KM SE OF LUSAKA,COPPER,GOLD,SILVER,INACTIVE,NIL,DOLOMITE BRECCIA-HOSTED,Best result 0.75% Cu over 7.23m.,353.4258524516574,5.048940749309391,Lusaka,EAST OF KAFUE-CHIRUNDU ROAD
CHIPONGWE IRON,-15.616666666666667,28.25,9 Km East Of Chipongwe Siding,29 KM SOUTH OF LUSAKA,IRON,None,None,INACTIVE,"Rubble: 40,000 T @ >65% Fe [cite: 1692].",SEDIMENTARY IRON FORMATION,Rubble of massive specularite over nose of NW plunging anticline [cite: 1698-1699].,345.557696094713,4.936538515638757,Unknown,9 KM EAST OF CHIPONGWE SIDING
KESYA,-15.9,28.45,North Side Of Kesya River,32 KM SSE OF KAFUE,COPPER,RARE EARTHS,None,INACTIVE,NIL,CARBONATITE,"Two lopolith-shaped carbonatites described by BRGM. Stream sed 380 ppm Cu, 370 ppm Ni[cite: 1727].",379.90344438208217,5.427192062601174,Unknown,NORTH SIDE OF KESYA RIVER
MKWISHI,-15.666666666666666,28.5,Lusaka,35 KM SE OF LUSAKA,COPPER,NIOBIUM,RARE EARTHS,INACTIVE,NONE,CARBONATITE,See comments re Kesya.,355.3942592225502,5.0770608460364315,Lusaka,LUSAKA DISTRICT
MUNALI,-15.9,28.116666666666667,Kafue,64 ROAD KM SSW OF LUSAKA,NICKEL,COPPER,PLATINUM,DORMANT,Indicated: 2.06M T @ 1.1% Ni. MRD (1989) Geological East Zone: 13.45M T @ 1.07% Ni[cite: 3013].,LENSOID NICKEL SULPHIDE,"Ni mineralization at contact of Munali Gabbro. Sulphides pyrrhotite, pentlandite [cite: 3053-3058].",375.4614562775947,5.363735089679925,Lusaka,MUNALI HILLS (S OF KAFUE RIVER)
MWIRI COPPER,-15.683333333333334,28.133333333333333,Kafue,27 KM SOUTH OF LUSAKA,COPPER,None,None,INACTIVE,NONE,STRATIFORM COPPER,Trench assayed 2.49% Cu over 8.2m. Best drill 1.10% Cu over 0.5m.,351.5975015569229,5.0228214508131845,Lusaka,KAFUE FLATS
NICKEL ANOMALY 'Y',-15.533333333333333,28.066666666666666,15 Km E Of Nampundwe,27 KM SW OF LUSAKA,NICKEL,None,None,INACTIVE,NIL,DISSEMINATED NICKEL IN ULTRABASIC,Gabbro-peridotite. Best drill intercept 0.9% Ni from 50.8m.,334.406095101256,4.777229930017943,Unknown,15 KM E OF NAMPUNDWE
FUNSWE (MO 278),-15.75,28.433333333333334,Mpande Dome,40 KM SSE OF LUSAKA,GOLD,COPPER,None,INACTIVE,UNKNOWN,HYDROTHERMAL VEIN,Poorly exposed veinlets 0.6m width with 4 g/t Au[cite: 3216].,363.16720109208023,5.188102872744003,Unknown,MPANDE DOME
KECHIVERE (MO 294),-15.7,28.3,Mpande Dome,40 KM SSE OF LUSAKA,GOLD,None,None,INACTIVE,UNKNOWN,HYDROTHERMAL VEIN,Float-rubble assayed 3 g/t Au[cite: 3218].,355.4480285644572,5.077828979492246,Unknown,MPANDE DOME
MUCHITO (MJUTO / MO 298),-15.616666666666667,28.366666666666667,Mpande Dome Area,25 KM SOUTH OF LUSAKA,GOLD,None,None,INACTIVE,"12,000 cu m gravel. Best 0.4 g/t Au [cite: 3252-3254].",PLACER GOLD,Alluvial plain. Mean gold concentrations <0.1 g/t.,347.3526375237348,4.962180536053355,Unknown,MPANDE DOME AREA
NAMILO (MOCHITO / MO 292),-15.616666666666667,28.366666666666667,Mpande Dome Area,nan,GOLD,None,None,INACTIVE,NIL,VEIN,"Vein 100m long. Values up to 30 g/t, avg 1.5 g/t[cite: 3246].",347.3526375237348,4.962180536053355,Unknown,MPANDE DOME AREA
MAPOMPO (MO 280),-15.616666666666667,28.366666666666667,Mpande Dome Area,nan,GOLD,None,None,INACTIVE,NIL,PLACER GOLD,Alluvial occurrence.,347.3526375237348,4.962180536053355,Unknown,MPANDE DOME AREA
NAMOLA (MO 300),-15.616666666666667,28.366666666666667,Mpande Dome Area,nan,GOLD,None,None,INACTIVE,NIL,PLACER GOLD,Alluvial occurrence.,347.3526375237348,4.962180536053355,Unknown,MPANDE DOME AREA
MVULA (CORUNDUM),-15.25,29.033333333333335,Kafue,nan,CORUNDUM,None,None,INACTIVE,NIL,CONTACT METAMORPHIC,Corundum crystals (up to 4cm) in pockets in contact zone[cite: 3311].,327.972770782891,4.685325296898443,Lusaka,8 KM NNW OF KAFUE/KALEYA JCT
RUFUNSA CORUNDUM (MO 162),-15.25,29.033333333333335,Rufunsa,nan,CORUNDUM,None,None,INACTIVE,NIL,CONTACT METAMORPHIC,Two localities. Crystals up to 1cm associated with kyanite [cite: 3313-3314].,327.972770782891,4.685325296898443,Lusaka,9 KM NW OF RUFUNSA
MUGOTO (MO 306),-15.25,29.033333333333335,4 Km W Of Chakela Hill (Nega Nega R.),nan,MICA,CORUNDUM,None,INACTIVE,NIL,PEGMATITE,"Pegmatite dykes worked for mica, contain poor quality corundum [cite: 3316-3317].",327.972770782891,4.685325296898443,Unknown,4 KM W OF CHAKELA HILL (NEGA NEGA R.)
KAURASHISHI EAST (MO 137),-15.35,29.8,Rufunsa,33 KM SSE OF RUFUNSA,COPPER,GOLD,BISMUTH,INACTIVE,UNKNOWN,HYDROTHERMAL QUARTZ VEIN,Vein 122m x 3m. Central portion assayed 4.6 g/t Au[cite: 3340].,377.3211487212937,5.39030212458991,Lusaka,RUFUNSA AREA
MO 140,-15.5,29.666666666666668,Rufunsa,85 KM S OF GREAT EAST ROAD,COPPER,GOLD,None,INACTIVE,NIL,METAVOLCANICS,Grab samples 2.4% Cu / 1.5 g/t Au[cite: 3385].,383.69733256479793,5.481390465211399,Lusaka,KANGALUWI GROUP (S OF RUFUNSA)
MO 141 (CHIWJYU),-15.5,29.666666666666668,Kangaluwi Group,85 KM S OF GREAT EAST ROAD,GOLD,None,None,INACTIVE,NIL,EPIDOTE-TOURMALINE STOCKWORK,High Au values. Main shaft 3.57% Cu over 10m [cite: 3386-3387].,383.69733256479793,5.481390465211399,Unknown,KANGALUWI GROUP
CHIWJYU EAST EXTENSION,-15.5,29.666666666666668,Kangaluwi Group,nan,COPPER,None,None,INACTIVE,NIL,VEIN,Orebody average 3.9% Cu over 3.5m[cite: 3387].,383.69733256479793,5.481390465211399,Unknown,KANGALUWI GROUP
KANGALUWI / KALULU (MO 142/143),-15.5,29.666666666666668,Kangaluwi Group,85 KM S OF GREAT EAST ROAD,COPPER,GOLD,None,INACTIVE,NIL,QUARTZITE/SCHIST,5km strike disseminated malachite. Assays to 8.1% Cu [cite: 3388-3389].,383.69733256479793,5.481390465211399,Unknown,KANGALUWI GROUP
MO 144,-15.5,29.666666666666668,Kangaluwi Group,85 KM S OF GREAT EAST ROAD,COPPER,None,None,INACTIVE,Resource 1.5 Million T @ 0.5% Cu.,QUARTZITE,Disseminated chalcocite 300 x 5m. Best drill 0.57% Cu over 9.5m [cite: 3395-3396].,383.69733256479793,5.481390465211399,Unknown,KANGALUWI GROUP
CHISUA (MO 145),-15.5,29.666666666666668,Kangaluwi Group,85 KM S OF GREAT EAST ROAD,COPPER,None,None,INACTIVE,NIL,PHYLLITE,Disseminated malachite. Adit #2: 1.59% Cu over 4.9m [cite: 3398-3400].,383.69733256479793,5.481390465211399,Unknown,KANGALUWI GROUP
CHAKWENGA BERYL (MO 148),-15.5,29.583333333333332,Chakwenga River,45 KM SOUTH OF RUFUNSA,BERYL,AMAZONITE,None,INACTIVE,UNKNOWN,BERYL PEGMATITE,Float from pegmatite dykes. Amazonite patchy over 30m [cite: 3444-3446].,379.1851632257702,5.416930903225289,Unknown,CHAKWENGA RIVER
KAMAKONDE (MO 155),-15.4,29.633333333333333,Kamakonde Group,120 KM EAST OF LUSAKA,COPPER,GOLD,None,INACTIVE,UNKNOWN,HYDROTHERMAL VEIN,Two quartz veinlets. Best grab 16.4% Cu and 2.4 g/t Au[cite: 3474].,372.33252663437145,5.319036094776735,Unknown,KAMAKONDE GROUP
RMC 141 (KAMAKONDE),-15.45,29.633333333333333,Kamakonde Group,nan,COPPER,GOLD,SILVER,INACTIVE,UNKNOWN,LENSES/VEINS,"Grab samples 21.9% Cu, 0.5 g/t Au, 48 g/t Ag[cite: 3474].",377.0922011062096,5.387031444374423,Unknown,KAMAKONDE GROUP
RMC 195 (KAMAKONDE),-15.416666666666666,29.683333333333334,Kamakonde Group,nan,COPPER,None,None,INACTIVE,UNKNOWN,LENSES,Mineralized lenses assayed 3.6% Cu and 2.4% Cu[cite: 3474].,376.7208277866426,5.381726111237751,Unknown,KAMAKONDE GROUP
RMC 146 (KAMAKONDE),-15.466666666666667,29.6,Kamakonde Group,nan,GOLD,None,None,INACTIVE,UNKNOWN,ELUVIAL/SHEAR,Eluvial occurrence. Best grab sample 11 g/t Au[cite: 3474].,376.8695038391343,5.383850054844776,Unknown,KAMAKONDE GROUP
RMC 145 (KAMAKONDE),-15.383333333333333,29.633333333333333,Kamakonde Group,nan,COPPER,None,None,INACTIVE,UNKNOWN,LENSES,Rubble and float similar to RMC 141[cite: 3474].,370.7509114852097,5.296441592645853,Unknown,KAMAKONDE GROUP
KYEBWE,-15.266666666666667,29.0,Chinyunyu Dome,80 KM EAST OF LUSAKA,GOLD,TUNGSTEN,None,INACTIVE,UNKNOWN,HYDROTHERMAL VEIN,"Brecciated quartz veins. Scheelite, wolframite, gold[cite: 1756].",328.30178239905393,4.690025462843628,Unknown,CHINYUNYU DOME
GEELONG MALUNDA,-15.0,29.0,Rufunsa,35 KM EAST OF RUFUNSA,GOLD,BISMUTH,None,INACTIVE,UNKNOWN,QUARTZ VEIN,Quartz veins 0.6-1.2m wide. Best value 1.4 g/t Au[cite: 1793].,301.0896517709148,4.301280739584498,Lusaka,RUFUNSA AREA
KAURASHISHI (MO 136),-15.333333333333334,29.766666666666666,Rufunsa,28 KM SSE OF RUFUNSA,GOLD,COPPER,BISMUTH,INACTIVE,UNKNOWN,HYDROTHERMAL QUARTZ VEINS,Five veins. Vein B (160m long) assayed 4.8 g/t Au over 4.4m [cite: 1827-1832].,373.78639606866795,5.339805658123828,Lusaka,RUFUNSA AREA
MOIYA (MO 149/152),-15.0,29.0,Zambezi,4 KM WEST OF CHAKWENGA,GOLD,None,None,INACTIVE,UNKNOWN,QUARTZ VEIN SEGREGATIONS,Quartz fragments over 213 x 152m. Values up to 170 g/t Au[cite: 1866].,301.0896517709148,4.301280739584498,North-Western,LOWER ZAMBEZI NATIONAL PARK
MISANGOMBE,-15.45,29.35,Rufunsa,104 KM EAST OF LUSAKA,COPPER,None,None,INACTIVE,NIL,SHEAR ZONE COPPER,Sheared quartzite. Zone 1.00-1.30% Cu over 4.6m [cite: 1896-1897].,362.4521231447311,5.177887473496159,Lusaka,RUFUNSA AREA
IKONDO KYAOSA,-15.5,29.316666666666666,Zambezi,100 KM EAST OF LUSAKA,GOLD,None,None,INACTIVE,NIL,ALLUVIAL OCCURRENCE,Gold in sediments of Ikondo River.,365.85811755776194,5.226544536539456,North-Western,WEST EDGE LOWER ZAMBEZI PARK
MUKONJE,-15.333333333333334,29.15,Head Of Musangashi River,90 KM EAST OF LUSAKA,GOLD,NICKEL,None,INACTIVE,NIL,NICKELIFEROUS GABBRO,Large ultramafic body. Best geochem 2750 ppm Ni.,341.493712066989,4.878481600956986,Unknown,HEAD OF MUSANGASHI RIVER
CHIBOLEKA (MO 175),-15.433333333333334,29.283333333333335,Lusaka,100 KM EAST OF LUSAKA,GOLD,None,None,INACTIVE,NIL,HYDROTHERMAL QUARTZ VEIN,Low gold values in tourmaline bearing quartz veinlets [cite: 1996-1997].,357.6292967107813,5.108989953011162,Lusaka,LUSAKA AREA
MUNYANJA (MO 308),-15.4,28.966666666666665,Lusaka,80 KM SE OF LUSAKA,GOLD,None,None,INACTIVE,NIL,HYDROTHERMAL QUARTZ VEIN,Quartz vein rubble assayed Nil to 6 g/t Au[cite: 1998].,340.77176384259894,4.86816805489427,Lusaka,LUSAKA AREA
KAIYENDA A,-15.0,29.0,Rufunsa,60 KM SE OF RUFUNSA,GOLD,COPPER,BISMUTH,INACTIVE,UNKNOWN,QUARTZ VEINS,Narrow stringers. Max 2.9 g/t Au[cite: 2036].,301.0896517709148,4.301280739584498,Lusaka,RUFUNSA AREA
KAIYENDA B,-15.0,29.0,Rufunsa,nan,GOLD,COPPER,BISMUTH,INACTIVE,UNKNOWN,QUARTZ VEINS,0.3m wide limonitic quartz vein assayed 36.7 and 24.3 g/t Au[cite: 2036].,301.0896517709148,4.301280739584498,Lusaka,RUFUNSA AREA
KAIYENDA C,-15.0,29.0,Rufunsa,nan,GOLD,COPPER,BISMUTH,INACTIVE,UNKNOWN,QUARTZ VEINS,Two 18m long veins. Selected samples up to 11 and 221 g/t Au[cite: 2037].,301.0896517709148,4.301280739584498,Lusaka,RUFUNSA AREA
KAIYENDA D,-15.0,29.0,Rufunsa,nan,GOLD,COPPER,BISMUTH,INACTIVE,UNKNOWN,QUARTZ VEINS,"0.09m wide quartz stringer. Assays 11.2, 4.5, 25.7, 43.2 g/t Au[cite: 2037].",301.0896517709148,4.301280739584498,Lusaka,RUFUNSA AREA
CHEOWA (MO 185),-15.533333333333333,29.116666666666667,Zambezi,145 KM SE OF LUSAKA,COPPER,GOLD,None,INACTIVE,"Oxide: 302,000 ST @ 2.25% Cu. Sulphide: 341,000 ST @ 4.25% Cu [cite: 2075-2076].",SHEAR ZONE,Major ENE shear zone. Adit X-cut averaged 2.20% Cu over 5.4m [cite: 2087-2091].,360.4824038170577,5.149748625957967,North-Western,15 KM NORTH OF ZAMBEZI RIVER
NENINGOMBE WEST (MO 181),-15.533333333333333,29.116666666666667,Cheowa Group Area,nan,COPPER,None,None,INACTIVE,Unknown.,SHEAR ZONE,Adit 23.8m long. Channels 0.75-6.0% Cu. Best gold 9.9 g/t [cite: 2092-2093].,360.4824038170577,5.149748625957967,Unknown,CHEOWA GROUP AREA
WEOCHA,-15.533333333333333,29.116666666666667,Cheowa Group Area,nan,COPPER,None,None,INACTIVE,Unknown.,SHEAR ZONE,Part of Cheowa structure.,360.4824038170577,5.149748625957967,Unknown,CHEOWA GROUP AREA
MPATA (GORGE) AREA,-15.5,30.0,Feira Prohibited Area,65 KM SE OF RUFUNSA,NICKEL,CHROME,PLATINUM,INACTIVE,NIL,ULTRABASIC DYKE,Hypersthene norites. Ni anomaly between 100 & 2000 ppm[cite: 2123].,403.247700642602,5.760681437751457,Unknown,FEIRA PROHIBITED AREA
PAULWI HILL,-15.6,29.416666666666668,Zambezi,120 KM ESE OF LUSAKA,NICKEL,COPPER,ASBESTOS,INACTIVE,NIL,SILICATE NICKEL MINERALIZATION,Ultrabasic complex. Serpentinite carries 0.2-0.3% Ni (silicates) [cite: 2214-2224].,380.56351014889975,5.436621573555711,North-Western,NORTH BANK OF ZAMBEZI RIVER
CHINDULWE,-15.516666666666667,29.233333333333334,Zambezi,100 KM EAST OF LUSAKA,COPPER,GOLD,None,INACTIVE,See Cheowa.,DISSEMINATIONS,Copper disseminations in basic metavolcanics. Cu and Au in quartz veins [cite: 2260-2262].,363.7486888182321,5.196409840260459,North-Western,WEST EDGE LOWER ZAMBEZI PARK
CHASWETA,-15.333333333333334,30.283333333333335,12 Km Ese Of Katondwe Mission,75 KM ESE OF RUFUNSA,PHOSPHATE,BARITE,NIOBIUM,INACTIVE,NIL,CARBONATITE,"Eroded relic twin volcano. Soil values 0.3% Nb2O5, 3.25% P2O5[cite: 2290].",407.2926416355182,5.818466309078831,Unknown,12 KM ESE OF KATONDWE MISSION
KALUWE,-15.183333333333334,30.0,20 Km West Of Katondwe Mission,60 KM SSE OF RUFUNSA,PHOSPHATE,NIOBIUM,IRON,Feasibility evaluation.,Soils: 6.6M T @ 5.7% P2O5. Rock: 207M T @ 2.5% P2O5[cite: 2324].,CARBONATITE,Carbonatite conformable in Karoo sediments. 9.6km long[cite: 2330].,375.0918648787339,5.358455212553341,Unknown,20 KM WEST OF KATONDWE MISSION
MWAMBUTO,-15.316666666666666,30.166666666666668,12 Km Sw Of Katondwe Mission,70 KM ESE OF RUFUNSA,PHOSPHATE,BARITE,NIOBIUM,INACTIVE,NIL,CARBONATITE,Isolated ring of hills. Soil sampling avg 3.5% P2O5[cite: 2369].,397.85477363122914,5.683639623303273,Unknown,12 KM SW OF KATONDWE MISSION
NCHONCHO,-14.983333333333333,30.05,Katondwe Area,30 KM NW OF KATONDWE,GOLD,BISMUTH,None,INACTIVE,"6,000 T @ 0.25% Bi[cite: 2387].",HYDROTHERMAL QUARTZ VEIN,Several veins 0.9-2.1m wide. Traces to 0.4% Bi [cite: 2408-2409].,361.478482353492,5.1639783193356,Unknown,KATONDWE AREA
NKASEKA HILL (MO 121),-15.016666666666667,30.05,Katondwe Area,nan,GOLD,BISMUTH,None,INACTIVE,Unknown.,HYDROTHERMAL QUARTZ VEIN,Best value 3.7 g/t Au[cite: 2413].,364.26862971104396,5.203837567300628,Unknown,KATONDWE AREA
MULAMBWA (MO 119-120),-15.0,30.1,Katondwe Area,nan,GOLD,None,None,INACTIVE,Unknown.,RUBBLE,Rubble and float assayed traces to 4.5 g/t Au[cite: 2417].,366.4293806186971,5.234705437409959,Unknown,KATONDWE AREA
MO 118,-14.983333333333333,30.233333333333334,Katondwe Area,nan,GOLD,None,None,INACTIVE,Unknown.,PLACER,Pan concentrates produced only a few gold colours.,374.7887332052432,5.354124760074903,Unknown,KATONDWE AREA
MO 125,-15.0,30.116666666666667,Katondwe Area,nan,GOLD,BISMUTH,COPPER,INACTIVE,Unknown.,VEIN,"8 samples 1.7-3.4 g/t Au, one assayed 81.6 g/t [cite: 2420-2422].",367.6253095321181,5.251790136173115,Unknown,KATONDWE AREA
MO 126,-15.05,30.166666666666668,Katondwe Area,nan,GOLD,BISMUTH,None,INACTIVE,Unknown.,VEIN,Samples 1.7-3.4 g/t Au. Largest vein 290m x 1.2m [cite: 2424-2425].,375.3502604685313,5.362146578121876,Unknown,KATONDWE AREA
YALA HILLS (MO 127),-15.133333333333333,30.166666666666668,Katondwe Area,nan,GOLD,None,None,INACTIVE,Unknown.,PLACER,Alluvial occurrence.,382.27830883657316,5.461118697665331,Unknown,KATONDWE AREA
NACHOMBA,-15.25,30.0,12 Km West Of Katondwe Mission,65 KM ESE OF RUFUNSA,PHOSPHATE,NIOBIUM,None,INACTIVE,NIL,CARBONATITE,"Silicified carbonatite hill. Soil grades 0.2% Nb2O5, 3.05% P2O5 [cite: 2457-2462].",380.9219996368406,5.441742851954866,Unknown,12 KM WEST OF KATONDWE MISSION
CHIRINDE,-15.25,30.0,2 Km N Of Nachomba,65 KM ESE OF RUFUNSA,PHOSPHATE,None,None,INACTIVE,NIL,CARBONATITE,Depression 2km diameter adjoining The Uma.,380.9219996368406,5.441742851954866,Unknown,2 KM N OF NACHOMBA
SILOWANA PLAIN,-17.0,23.416666666666668,Extreme Sw Of Zambia,KATIMA MULILO IS ON EAST EDGE,DIAMOND,None,None,INACTIVE,NIL,KIMBERLITE INDICATOR MINERALS,Kalahari sand covered area.,688.3060186020563,9.832943122886519,Unknown,EXTREME SW OF ZAMBIA
KATABA (NJOKO),-16.216666666666665,24.766666666666666,Headwaters Of Njoko Stream,SW OF KAFUE NATIONAL PARK,DIAMOND,None,None,INACTIVE,NIL,DIAMOND OCCURRENCE,4 diamonds (0.102 C) from Njoko stream[cite: 2517].,527.2603676333089,7.532290966190127,Unknown,HEADWATERS OF NJOKO STREAM
MULOBEZI (CK1),-16.583333333333332,25.2,Kafue,PL SURROUNDS MULOBEZI VILLAGE,DIAMOND,None,None,INACTIVE,NIL,KIMBERLITE,Elongate body 240 x 45m beneath 13m sand [cite: 2554-2555].,533.0192175305809,7.61456025043687,Lusaka,SW OF KAFUE NATIONAL PARK
CK2 (MULOBEZI),-16.583333333333332,25.2,1200M Nw Of Ck1,nan,DIAMOND,None,None,INACTIVE,NIL,KIMBERLITE,Pear shaped 85m wide. Ferricrete cap[cite: 2557].,533.0192175305809,7.61456025043687,Unknown,1200M NW OF CK1
CK3 (AK1),-16.583333333333332,25.2,40 Km Sw Of Ck1,nan,DIAMOND,None,None,INACTIVE,NIL,KIMBERLITE,Dimensions 150 x 70m [cite: 2559-2560].,533.0192175305809,7.61456025043687,Unknown,40 KM SW OF CK1
NAWINDA,-16.5,24.75,Kafue,SW BOUNDARY 40 KM NW OF MULOBEZI,DIAMOND,None,None,INACTIVE,NIL,KIMBERLITE INDICATOR MINERALS,Bulk sampling of Kweemba produced 6 diamonds[cite: 2590].,553.0362399770862,7.900517713958375,Lusaka,SW OF KAFUE NATIONAL PARK
DK2 (LOAZAMBA),-17.033333333333335,24.916666666666668,Between Loazamba And Machile Rivers,40 KM SW OF MULOBEZI,DIAMOND,None,None,INACTIVE,NIL,KIMBERLITE,Pipe < 100m diameter. Abundant indicators[cite: 2635].,591.4211867867208,8.448874096953155,Unknown,BETWEEN LOAZAMBA AND MACHILE RIVERS
DK3 (LOAZAMBA),-17.033333333333335,24.916666666666668,Loazamba Pl,nan,DIAMOND,None,None,INACTIVE,NIL,KIMBERLITE,Small pipe max diameter 25m[cite: 2635].,591.4211867867208,8.448874096953155,Unknown,LOAZAMBA PL
BK1 (LOAZAMBA),-17.033333333333335,24.916666666666668,Loazamba Pl,nan,DIAMOND,None,None,INACTIVE,NIL,KIMBERLITE,Intruded into basalt beneath 38m sand[cite: 2635].,591.4211867867208,8.448874096953155,Unknown,LOAZAMBA PL
AK1 (LUSU),-17.083333333333332,24.533333333333335,Adjoins Botswana Border,SESHEKE IS ON SOUTH EDGE,DIAMOND,None,None,INACTIVE,NIL,KIMBERLITE,Intruded into Karoo basalt beneath sand. 180 x 75m[cite: 2671].,618.8851367044199,8.84121623863457,Unknown,ADJOINS BOTSWANA BORDER
CHAMOKA COPPER,-16.466666666666665,26.533333333333335,"Southern Province, Namwala/Kalomo",62 KM NW OF CHOMA,COPPER,None,None,INACTIVE SHOWING,NONE,STRATIFORM COPPER,Drill avg 0.49% Cu over 2.6m[cite: 2712].,459.75483207167423,6.567926172452489,Unknown,"SOUTHERN PROVINCE, NAMWALA/KALOMO"
NAMATA RIDGE,-16.583333333333332,26.333333333333332,Siakaunda Locality,72 KM WNW OF CHOMA,IRON,None,None,INACTIVE,NIL,SEDIMENTARY IRON FORMATION,Hematite/Magnetite. One sample assayed 38% Fe [cite: 2750-2753].,478.9987691087584,6.842839558696548,Unknown,SIAKAUNDA LOCALITY
BATOKA,-16.583333333333332,27.25,Choma,150 KM SW OF KAFUE,DIAMOND,None,None,INACTIVE,NIL,DIAMOND OCCURRENCE,"One small diamond recorded, not confirmed.",454.94700716404833,6.499242959486405,Southern,AREA BETWEEN PEMBA AND CHOMA
PHOENIX,-16.966666666666665,27.416666666666668,Choma,35 KM NW OF SINAZONGWE,MICA,BERYL,None,LOCAL MINING,UNKNOWN,BERYL PEGMATITE,Mica mine with beryl.,495.16387737143924,7.073769676734846,Southern,E OF ROAD CHOMA-SINAZONGWE
BUFFALO XIX AND XX,-17.116666666666667,27.2,Choma,35 KM NORTH OF SINAZONGWE,MICA,BERYL,None,LOCAL MINING,UNKNOWN,BERYL PEGMATITE,Beryl locality.,514.4112696082506,7.348732422975008,Southern,W OF ROAD CHOMA-SINAZONGWE
KAPILISANGWE,-16.4,28.75,East Of Siavonga Road,25 KM SOUTH OF CHIRUNDU,AMETHYST,None,None,LOCAL MINING,Reported >90T per vertical m.,AMETHYST VEINS,Veins up to 0.7m wide over 600m strike [cite: 2850-2852].,440.73707059481785,6.296243865640255,Unknown,EAST OF SIAVONGA ROAD
SACHENGA MINE,-16.25,28.166666666666668,Mines On Luisita River,70 KM SE OF MAZABUKA,MICA,BERYL,TOURMALINE,INACTIVE,Mica reserves believed to exist.,PEGMATITES,Mica bearing pegmatites in biotite schist [cite: 2893-2895].,414.68257703787316,5.924036814826759,Unknown,MINES ON LUISITA RIVER
CHOLWE,-16.25,28.166666666666668,Sachenga Group,70 KM SE OF MAZABUKA,MICA,None,None,INACTIVE,nan,PEGMATITE,Part of Sachenga Group.,414.68257703787316,5.924036814826759,Unknown,SACHENGA GROUP
LAST HOPE,-16.25,28.166666666666668,Sachenga Group,70 KM SE OF MAZABUKA,MICA,None,None,INACTIVE,nan,PEGMATITE,Part of Sachenga Group.,414.68257703787316,5.924036814826759,Unknown,SACHENGA GROUP
SAIKALINDA,-16.25,28.166666666666668,Sachenga Group,70 KM SE OF MAZABUKA,MICA,None,None,INACTIVE,nan,PEGMATITE,Part of Sachenga Group.,414.68257703787316,5.924036814826759,Unknown,SACHENGA GROUP
MUNYWAMEZI,-16.25,28.166666666666668,1.25 Km Nw Of Sachenga,70 KM SE OF MAZABUKA,MICA,None,None,INACTIVE,nan,PEGMATITE,One of largest pegmatites. 245m exposed [cite: 2896-2897].,414.68257703787316,5.924036814826759,Unknown,1.25 KM NW OF SACHENGA
GLEN,-16.25,28.166666666666668,Sachenga Group,70 KM SE OF MAZABUKA,MICA,None,None,INACTIVE,nan,PEGMATITE,Part of Sachenga Group.,414.68257703787316,5.924036814826759,Unknown,SACHENGA GROUP
SASHA,-16.25,28.166666666666668,Sachenga Group,70 KM SE OF MAZABUKA,MICA,None,None,INACTIVE,nan,PEGMATITE,Part of Sachenga Group.,414.68257703787316,5.924036814826759,Unknown,SACHENGA GROUP
JACK,-16.25,28.166666666666668,Sachenga Group,70 KM SE OF MAZABUKA,MICA,None,None,INACTIVE,nan,PEGMATITE,Part of Sachenga Group.,414.68257703787316,5.924036814826759,Unknown,SACHENGA GROUP
MWAKAMBIKO HILLS,-17.7,26.883333333333333,6 Km Nw Of Siazawa,90 KM SE OF KALOMO,AMETHYST,None,None,Active,1400 tons quality stone (1961).,AMETHYST VEINS,Veins in belt 30km long.,583.7994360165194,8.339991943093134,Unknown,6 KM NW OF SIAZAWA
